id,data,horas,dia,observção,Intervalo,Dias,Odometro Inicial,Odometro Final,Km percorridos,Km Acumulado,,,Média,,,,,,,,,,,,,,,,
1977,24/08/24,0:00:00,sábado,,1,1,"8,50","11,50","3,00","3,00",,,,,,,,,,,,,,,,,,,
1978,25/08/24,0:00:00,domingo,,1,2,"11,50","19,70","8,20","11,20",,,,,,,,,,,,,,,,,,,
1979,26/08/24,0:00:00,segunda,,1,3,"19,70","27,90","8,20","19,40",,,,,,,,,,,,,,,,,,,
1980,27/08/24,0:00:00,terça,,1,4,"27,90","40,50","12,60","32,00",,,,,,,,,,,,,,,,,,,
1981,28/08/24,0:00:00,quarta,Nícolas faltou aula no SESC,1,5,"40,50","49,20","8,70","40,70",,,,,,,,,,,,,,,,,,,
1982,29/08/24,0:00:00,quinta,Nícolas faltou aula no SESC,1,6,"49,20","53,30","4,10","44,80",,,,,,,,,,,,,,,,,,,
1983,30/08/24,0:00:00,sexta,,1,7,"53,30","66,60","13,30","58,10",,,,,,,,,,,,,,,,,,,
1984,31/08/24,0:00:00,sábado,,1,8,"66,60","69,00","2,40","60,50",,,,,,,,,,,,,,,,,,,
1985,01/09/24,0:00:00,domingo,,1,9,"69,00","69,00","0,00","60,50",,,,,,,,,,,,,,,,,,,
1986,02/09/24,0:00:00,segunda,Nícolas faltou aula no SESC,1,10,"69,00","73,40","4,40","64,90",,,,,,,,,,,,,,,,,,,
1987,03/09/24,0:00:00,terça,Nícolas faltou aula no SESC,1,11,"73,40","80,40","7,00","71,90",,,,,,,,,,,,,,,,,,,
1988,04/09/24,0:00:00,quarta,Nícolas faltou aula no SESC,1,12,"80,40","89,30","8,90","80,80",,,,,,,,,,,,,,,,,,,
1989,05/09/24,0:00:00,quinta,,1,13,"89,30","102,60","13,30","94,10",,,,,,,,,,,,,,,,,,,
1990,06/09/24,0:00:00,sexta,,1,14,"102,60","114,30","11,70","105,80",,,,,,,,,,,,,,,,,,,
1991,07/09/24,0:00:00,sábado,,1,15,"114,30","114,30","0,00","105,80",,,,,,,,,,,,,,,,,,,
1992,08/09/24,0:00:00,domingo,,1,16,"114,30","120,20","5,90","111,70",,,,,,,,,,,,,,,,,,,
1993,09/09/24,0:00:00,segunda,,1,17,"120,20","130,70","10,50","122,20",,,,,,,,,,,,,,,,,,,
1994,10/09/24,0:00:00,terça,,1,18,"130,70","141,60","10,90","133,10",,,,,,,,,,,,,,,,,,,
1995,11/09/24,0:00:00,quarta,,1,19,"141,60","141,60","0,00","133,10",,,,,,,,,,,,,,,,,,,
1996,12/09/24,0:00:00,quinta,,1,20,"141,60","155,10","13,50","146,60",,,,,,,,,,,,,,,,,,,
1997,13/09/24,0:00:00,sexta,,1,21,"155,10","170,50","15,40","162,00",,,,,,,,,,,,,,,,,,,
1998,14/09/24,0:00:00,sábado,,1,22,"170,50","175,70","5,20","167,20",,,,,,,,,,,,,,,,,,,
1999,15/09/24,0:00:00,domingo,,1,23,"175,70","179,00","3,30","170,50",,,,,,,,,,,,,,,,,,,
2000,16/09/24,0:00:00,segunda,,1,24,"179,00","188,10","9,10","179,60",,,,,,,,,,,,,,,,,,,
2001,17/09/24,0:00:00,terça,,1,25,"188,10","201,80","13,70","193,30",,,,,,,,,,,,,,,,,,,
2002,18/09/24,0:00:00,quarta,Nícolas faltou aula no SESC,2,1,"201,80","204,80","3,00","196,30",,,,,,,,,,,,,,,,,,,
2003,18/09/24,0:00:00,quarta,"Abastecimento Ka - R$6,10Lt - Abastecido 24,591Lt - Total R$ 150,00",2,2,"204,80","208,40","3,60","3,60",,,,,,,,,,,,,,,,,,,
2004,19/09/24,0:00:00,quinta,,2,3,"208,40","220,00","11,60","15,20",,,,,,,,,,,,,,,,,,,
2005,20/09/24,0:00:00,sexta,Nícolas faltou aula no SESC,2,4,"220,00","227,90","7,90","23,10",,,,,,,,,,,,,,,,,,,
2006,21/09/24,0:00:00,sábado,Acabou o gás,2,5,"227,90","231,10","3,20","26,30",,,,,,,,,,,,,,,,,,,
2007,22/09/24,0:00:00,domingo,,2,6,"231,10","231,60","0,50","26,80",,,,,,,,,,,,,,,,,,,
2008,23/09/24,0:00:00,segunda,Feriado Nossa Senhora do Livramento - padroeira de Arcoverde.,2,7,"231,60","231,60","0,00","26,80",,,,,,,,,,,,,,,,,,,
2009,24/09/24,0:00:00,terça,,2,8,"231,60","243,90","12,30","39,10",,,,,,,,,,,,,,,,,,,
2010,25/09/24,0:00:00,quarta,,2,9,"243,90","258,00","14,10","53,20",,,,,,,,,,,,,,,,,,,
2011,26/09/24,0:00:00,quinta,,2,10,"258,00","271,10","13,10","66,30",,,,,,,,,,,,,,,,,,,
2012,27/09/24,0:00:00,sexta,Completei água radiador,2,11,"271,10","284,80","13,70","80,00",,,,,,,,,,,,,,,,,,,
2013,28/09/24,0:00:00,sábado,,2,12,"284,80","290,80","6,00","86,00",,,,,,,,,,,,,,,,,,,
2014,29/09/24,0:00:00,domingo,Visita Aracy ao templo Rosa Cruz,2,13,"290,80","306,30","15,50","101,50",,,,,,,,,,,,,,,,,,,
2015,30/09/24,0:00:00,segunda,,2,14,"306,30","319,00","12,70","114,20",,,,,,,,,,,,,,,,,,,
2016,01/10/24,0:00:00,terça,Ñ trabalhei na Nicolletos,2,15,"319,00","326,80","7,80","122,00",,,,,,,,,,,,,,,,,,,
2017,02/10/24,0:00:00,quarta,,2,16,"326,80","341,90","15,10","137,10",,,,,,,,,,,,,,,,,,,
2018,03/10/24,0:00:00,quinta,Nícolas faltou aula no SESC,2,17,"341,90","352,40","10,50","147,60",,,,,,,,,,,,,,,,,,,
2019,04/10/24,0:00:00,sexta,,2,18,"352,40","370,40","18,00","165,60",,,,,,,,,,,,,,,,,,,
2020,05/10/24,0:00:00,sábado,,2,19,"370,40","372,40","2,00","167,60",,,,,,,,,,,,,,,,,,,
2021,06/10/24,0:00:00,domingo,,2,20,"372,40","372,40","0,00","167,60",,,,,,,,,,,,,,,,,,,
2022,07/10/24,0:00:00,segunda,,2,21,"372,40","372,40","0,00","167,60",,,,,,,,,,,,,,,,,,,
2023,08/10/24,0:00:00,terça,,2,22,"372,40","384,10","11,70","179,30",,,,,,,,,,,,,,,,,,,
2024,09/10/24,0:00:00,quarta,Nícolas faltou aula no SESC,2,23,"384,10","389,50","5,40","184,70",,,,,,,,,,,,,,,,,,,
2025,10/10/24,0:00:00,quinta,Nícolas faltou aula no SESC,2,24,"389,50","394,10","4,60","189,30",,,,,,,,,,,,,,,,,,,
2026,11/10/24,0:00:00,sexta,Não teve aula neste dia,2,25,"394,10","398,80","4,70","194,00",,,,,,,,,,,,,,,,,,,
2027,12/10/24,0:00:00,sábado,,2,26,"398,80","403,90","5,10","199,10",,,,,,,,,,,,,,,,,,,
2028,13/10/24,0:00:00,domingo,Completei água radiador,2,27,"403,90","403,90","0,00","199,10",,,,,,,,,,,,,,,,,,,
2029,14/10/24,0:00:00,segunda,Nícolas faltou aula no SESC,2,28,"403,90","409,90","6,00","205,10",,,,,,,,,,,,,,,,,,,
2030,15/10/24,0:00:00,terça,Nícolas faltou aula no SESC,3,1,"409,90","412,90","3,00","208,10",,,,,,,,,,,,,,,,,,,
2031,15/10/24,0:00:00,terça,"Abastecimento Ka - R$ 5,97Lt - Abastecido 8.38Lt - Total R$ 50,03",3,2,"412,90","417,60","4,70","4,70",,,,,,,,,,,,,,,,,,,
2032,16/10/24,0:00:00,quarta,,3,3,"417,60","430,50","12,90","17,60",,,,,,,,,,,,,,,,,,,
2033,17/10/24,0:00:00,quinta,,3,4,"430,50","443,80","13,30","30,90",,,,,,,,,,,,,,,,,,,
2034,18/10/24,0:00:00,sexta,,3,5,"443,80","459,80","16,00","46,90",,,,,,,,,,,,,,,,,,,
2035,19/10/24,0:00:00,sábado,,3,6,"459,80","466,30","6,50","53,40",,,,,,,,,,,,,,,,,,,
2036,20/10/24,0:00:00,domingo,,3,7,"466,30","466,30","0,00","53,40",,,,,,,,,,,,,,,,,,,
2037,21/10/24,0:00:00,segunda,,3,8,"466,30","466,30","0,00","53,40",,,,,,,,,,,,,,,,,,,
2038,22/10/24,0:00:00,terça,,3,9,"466,30","482,30","16,00","69,40",,,,,,,,,,,,,,,,,,,
2039,23/10/24,0:00:00,quarta,,4,1,"482,30","494,10","11,80","81,20",,,,,,,,,,,,,,,,,,,
2040,23/10/24,0:00:00,quarta,"Abastecimento Ka - R$ 5,90Lt - Abastecido 8.48Lt - Total R$ 50,00",4,2,"494,10","496,60","2,50","2,50",,,,,,,,,,,,,,,,,,,
2041,24/10/24,0:00:00,quinta,Nícolas faltou aula no SESC,4,3,"496,60","501,00","4,40","6,90",,,,,,,,,,,,,,,,,,,
2042,25/10/24,0:00:00,sexta,Plantão pedagógico,4,4,"501,00","509,00","8,00","14,90",,,,,,,,,,,,,,,,,,,
2043,26/10/24,0:00:00,sábado,,4,5,"509,00","514,80","5,80","20,70",,,,,,,,,,,,,,,,,,,
2044,27/10/24,0:00:00,domingo,,4,6,"514,80","516,10","1,30","22,00",,,,,,,,,,,,,,,,,,,
2045,28/10/24,0:00:00,segunda,Nícolas faltou aula no SESC,4,7,"516,10","519,90","3,80","25,80",,,,,,,,,,,,,,,,,,,
2046,29/10/24,0:00:00,terça,,4,8,"519,90","531,60","11,70","37,50",,,,,,,,,,,,,,,,,,,
2047,30/10/24,0:00:00,quarta,,4,9,"531,60","539,60","8,00","45,50",,,,,,,,,,,,,,,,,,,
2048,31/10/24,0:00:00,quinta,Nícolas faltou aula no SESC,4,10,"539,60","548,00","8,40","53,90",,,,,,,,,,,,,,,,,,,
2049,01/11/24,0:00:00,sexta,Nícolas faltou aula no SESC,4,11,"548,00","559,40","11,40","65,30",,,,,,,,,,,,,,,,,,,
2050,02/11/24,0:00:00,sábado,,4,13,"559,40","562,40","3,00","68,30",,,,,,,,,,,,,,,,,,,
2051,03/11/24,0:00:00,domingo,,4,14,"562,40","562,40","0,00","68,30",,,,,,,,,,,,,,,,,,,
2052,04/11/24,0:00:00,segunda,,5,1,"562,40","565,00","2,60","70,90",,,,,,,,,,,,,,,,,,,
2053,04/11/24,0:00:00,segunda,"Abastecimento Ka - R$ 5,90Lt - Abastecido 8.48Lt - Total R$ 50,00 [Fui la perto Clube de Tiros]",5,2,"565,00","579,50","14,50","14,50",,,,,,,,,,,,,,,,,,,
2054,05/11/24,0:00:00,terça,[ Fui ao Novo Atacado ],5,3,"579,50","590,07","10,57","25,07",,,,,,,,,,,,,,,,,,,
2055,06/11/24,0:00:00,quarta,Nícolas faltou aula no SESC,5,4,"590,07","601,90","11,83","36,90",,,,,,,,,,,,,,,,,,,
2056,07/11/24,0:00:00,quinta,Nícolas faltou aula no SESC,5,5,"601,90","605,00","3,10","40,00",,,,,,,,,,,,,,,,,,,
2057,08/11/24,0:00:00,sexta,Não teve aula neste dia [Acabou o gás],5,6,"605,00","614,00","9,00","49,00",,,,,,,,,,,,,,,,,,,
2058,09/11/24,0:00:00,sábado,,5,7,"614,00","618,90","4,90","53,90",,,,,,,,,,,,,,,,,,,
2059,10/11/24,0:00:00,domingo,,5,8,"618,90","618,90","0,00","53,90",,,,,,,,,,,,,,,,,,,
2060,11/11/24,0:00:00,segunda,Nícolas faltou aula no SESC,5,9,"618,90","621,70","2,80","56,70",,,,,,,,,,,,,,,,,,,
2061,12/11/24,0:00:00,terça,,5,10,"621,70","638,10","16,40","73,10",,,,,,,,,,,,,,,,,,,
2062,13/11/24,0:00:00,quarta,,6,1,"638,10","638,10","0,00","73,10",,,,,,,,,,,,,,,,,,,
2063,13/11/24,0:00:00,quarta,"Abastecimento Ka - R$ 5,90Lt - Abastecido 16,925Lt - Total R$ 100,00 [Fui la perto Clube de Tiros]",6,2,"638,10","651,50","13,40","13,40",,,,,,,,,,,,,,,,,,,
2064,14/11/24,0:00:00,quinta,,6,3,"651,50","664,30","12,80","26,20",,,,,,,,,,,,,,,,,,,
2065,15/11/24,0:00:00,sexta,,6,4,"664,30","664,30","0,00","26,20",,,,,,,,,,,,,,,,,,,
2066,16/11/24,0:00:00,sábado,Não teve aula neste dia,6,5,"664,30","674,20","9,90","36,10",,,,,,,,,,,,,,,,,,,
2067,17/11/24,0:00:00,domingo,,6,6,"674,20","674,20","0,00","36,10",,,,,,,,,,,,,,,,,,,
2068,18/11/24,0:00:00,segunda,Nícolas faltou aula no SESC,6,7,"674,20","678,10","3,90","40,00",,,,,,,,,,,,,,,,,,,
2069,19/11/24,0:00:00,terça,,6,8,"678,10","685,90","7,80","47,80",,,,,,,,,,,,,,,,,,,
2070,20/11/24,0:00:00,quarta,Feriado do Dia da consciência Negra,6,9,"685,90","685,90","0,00","47,80",,,,,,,,,,,,,,,,,,,
2071,21/11/24,0:00:00,quinta,,6,10,"685,90","694,20","8,30","56,10",,,,,,,,,,,,,,,,,,,
2072,22/11/24,0:00:00,sexta,Nícolas faltou aula no SESC,6,11,"694,20","694,20","0,00","56,10",,,,,,,,,,,,,,,,,,,
2073,23/11/24,0:00:00,sábado,,6,12,"694,20","700,70","6,50","62,60",,,,,,,,,,,,,,,,,,,
2074,24/11/24,0:00:00,domingo,,6,13,"700,70","700,70","0,00","62,60",,,,,,,,,,,,,,,,,,,
2075,25/11/24,0:00:00,segunda,,6,14,"700,70","708,50","7,80","70,40",,,,,,,,,,,,,,,,,,,
2076,26/11/24,0:00:00,terça,,6,15,"708,50","728,90","20,40","90,80",,,,,,,,,,,,,,,,,,,
2077,27/11/24,0:00:00,quarta,,6,16,"728,90","741,10","12,20","103,00",,,,,,,,,,,,,,,,,,,
2078,28/11/24,0:00:00,quinta,,6,17,"741,10","754,60","13,50","116,50",,,,,,,,,,,,,,,,,,,
2079,29/11/24,0:00:00,sexta,,6,18,"754,60","768,10","13,50","130,00",,,,,,,,,,,,,,,,,,,
2080,30/11/24,0:00:00,sábado,,6,19,"768,10","778,60","10,50","140,50",,,,,,,,,,,,,,,,,,,
2081,01/12/24,0:00:00,domingo,,6,20,"778,60","781,50","2,90","143,40",,,,,,,,,,,,,,,,,,,
2082,02/12/24,0:00:00,segunda,,7,1,"781,50","788,50","7,00","150,40",,,,,,,,,,,,,,,,,,,
2083,02/12/24,0:00:00,segunda,"Abastecimento Ka - R$ 5,93Lt - Abastecido 25,30Lt - Total R$ 150,00 [Fui la perto Clube de Tiros]",7,2,"788,50","805,30","16,80","16,80",,,,,,,,,,,,,,,,,,,
2084,03/12/24,0:00:00,terça,,7,3,"805,30","818,10","12,80","29,60",,,,,,,,,,,,,,,,,,,
2085,04/12/24,0:00:00,quarta,,7,4,"818,10","831,10","13,00","42,60",,,,,,,,,,,,,,,,,,,
2086,05/12/24,0:00:00,quinta,,7,5,"831,10","843,20","12,10","54,70",,,,,,,,,,,,,,,,,,,
2087,06/12/24,0:00:00,sexta,,7,6,"843,20","862,80","19,60","74,30",,,,,,,,,,,,,,,,,,,
2088,07/12/24,0:00:00,sábado,,7,7,"862,80","871,80","9,00","83,30",,,,,,,,,,,,,,,,,,,
2089,08/12/24,0:00:00,domingo,,7,8,"871,80","871,80","0,00","83,30",,,,,,,,,,,,,,,,,,,
2090,09/12/24,0:00:00,segunda,,7,9,"871,80","871,80","0,00","83,30",,,,,,,,,,,,,,,,,,,
2091,10/12/24,0:00:00,terça,,7,10,"871,80","886,80","15,00","98,30",,,,,,,,,,,,,,,,,,,
2092,11/12/24,0:00:00,quarta,,7,11,"886,80","900,30","13,50","111,80",,,,,,,,,,,,,,,,,,,
2093,12/12/24,0:00:00,quinta,,7,12,"900,30","914,30","14,00","125,80",,,,,,,,,,,,,,,,,,,
2094,13/12/24,0:00:00,sexta,,7,13,"914,30","926,50","12,20","138,00",,,,,,,,,,,,,,,,,,,
2095,14/12/24,0:00:00,sábado,,7,14,"926,50","935,60","9,10","147,10",,,,,,,,,,,,,,,,,,,
2096,15/12/24,0:00:00,domingo,,7,15,"935,60","939,50","3,90","151,00",,,,,,,,,,,,,,,,,,,
2097,16/12/24,0:00:00,segunda,,7,16,"939,50","943,70","4,20","155,20",,,,,,,,,,,,,,,,,,,
2098,17/12/24,0:00:00,terça,,7,17,"943,70","950,30","6,60","161,80",,,,,,,,,,,,,,,,,,,
2099,18/12/24,0:00:00,quarta,,7,18,"950,30","955,70","5,40","167,20",,,,,,,,,,,,,,,,,,,
2100,19/12/24,0:00:00,quinta,,7,19,"955,70","960,60","4,90","172,10",,,,,,,,,,,,,,,,,,,
2101,20/12/24,0:00:00,sexta,,7,20,"960,60","977,70","17,10","189,20",,,,,,,,,,,,,,,,,,,
2102,21/12/24,0:00:00,sábado,,7,21,"977,70","980,90","3,20","192,40",,,,,,,,,,,,,,,,,,,
2103,22/12/24,0:00:00,domingo,,7,22,"980,90","983,60","2,70","195,10",,,,,,,,,,,,,,,,,,,
2104,23/12/24,0:00:00,segunda,,7,23,"983,60","989,30","5,70","200,80",,,,,,,,,,,,,,,,,,,
2105,24/12/24,0:00:00,terça,,7,24,"989,30","998,30","9,00","209,80",,,,,,,,,,,,,,,,,,,
2106,25/12/24,0:00:00,quarta,,7,25,"998,30","998,30","0,00","209,80",,,,,,,,,,,,,,,,,,,
2107,26/12/24,0:00:00,quinta,,7,26,"998,30","1.003,30","5,00","214,80",,,,,,,,,,,,,,,,,,,
2108,27/12/24,0:00:00,sexta,,7,1,"1.003,30","1.009,30","6,00","220,80",,,,,,,,,,,,,,,,,,,
2109,27/12/24,0:00:00,sexta,"Abastecimento Ka - R$ 5,95Lt - Abastecido 25,211Lt - Total R$ 150,00 [Acabou o Gás de cozinha]",8,2,"1.009,30","1.015,90","6,60","6,60",,,,,,,,,,,,,,,,,,,
2110,28/12/24,0:00:00,sábado,,8,3,"1.015,90","15,90","-1.000,00","6,60",,,,,,,,,,,,,,,,,,,
2111,28/12/24,0:00:00,sábado,Mudança de odometro,8,4,"15,90","28,20","12,30","18,90",,,,,,,,,,,,,,,,,,,
2112,29/12/24,0:00:00,domingo,,8,5,"28,20","28,20","0,00","18,90",,,,,,,,,,,,,,,,,,,
2113,30/12/24,0:00:00,segunda,,8,6,"28,20","39,40","11,20","30,10",,,,,,,,,,,,,,,,,,,
2114,31/12/24,0:00:00,terça,,8,7,"39,40","60,10","20,70","50,80",,,,,,,,,,,,,,,,,,,
2115,01/01/25,0:00:00,quarta,,8,8,"60,10","65,80","5,70","56,50",,,,,,,,,,,,,,,,,,,
2116,02/01/25,0:00:00,quinta,,8,9,"65,80","70,20","4,40","60,90",,,,,,,,,,,,,,,,,,,
2117,03/01/25,0:00:00,sexta,,8,10,"70,20","79,20","9,00","69,90",,,,,,,,,,,,,,,,,,,
2118,04/01/25,0:00:00,sábado,,8,11,"79,20","83,80","4,60","74,50",,,,,,,,,,,,,,,,,,,
2119,05/01/25,0:00:00,domingo,,8,12,"83,80","89,10","5,30","79,80",,,,,,,,,,,,,,,,,,,
2120,06/01/25,0:00:00,segunda,,8,13,"89,10","95,30","6,20","86,00",,,,,,,,,,,,,,,,,,,
2121,07/01/25,0:00:00,terça,,8,14,"95,30","95,30","0,00","86,00",,,,,,,,,,,,,,,,,,,
2122,08/01/25,0:00:00,quarta,,8,15,"95,30","95,30","0,00","86,00",,,,,,,,,,,,,,,,,,,
2123,09/01/25,0:00:00,quinta,,8,16,"95,30","95,30","0,00","86,00",,,,,,,,,,,,,,,,,,,
2124,10/01/25,0:00:00,sexta,,8,17,"95,30","95,30","0,00","86,00",,,,,,,,,,,,,,,,,,,
2125,11/01/25,0:00:00,sábado,,8,18,"95,30","100,00","4,70","90,70",,,,,,,,,,,,,,,,,,,
2126,12/01/25,0:00:00,domingo,,8,19,"100,00","100,00","0,00","90,70",,,,,,,,,,,,,,,,,,,
2127,13/01/25,0:00:00,segunda,,8,20,"100,00","108,90","8,90","99,60",,,,,,,,,,,,,,,,,,,
2128,14/01/25,0:00:00,terça,,8,21,"108,90","118,10","9,20","108,80",,,,,,,,,,,,,,,,,,,
2129,15/01/25,0:00:00,quarta,,8,22,"118,10","123,50","5,40","114,20",,,,,,,,,,,,,,,,,,,
2130,16/01/25,0:00:00,quinta,,8,23,"123,50","138,30","14,80","129,00",,,,,,,,,,,,,,,,,,,
2131,17/01/25,0:00:00,sexta,,8,24,"138,30","148,10","9,80","138,80",,,,,,,,,,,,,,,,,,,
2132,18/01/25,0:00:00,sábado,,8,25,"148,10","153,20","5,10","143,90",,,,,,,,,,,,,,,,,,,
2133,19/01/25,0:00:00,domingo,,8,26,"153,20","153,20","0,00","143,90",,,,,,,,,,,,,,,,,,,
2134,20/01/25,0:00:00,segunda,,8,27,"153,20","156,50","3,30","147,20",,,,,,,,,,,,,,,,,,,
2135,21/01/25,0:00:00,terça,,8,28,"156,50","158,00","1,50","148,70",,,,,,,,,,,,,,,,,,,
2136,22/01/25,0:00:00,quarta,,8,29,"158,00","165,30","7,30","156,00",,,,,,,,,,,,,,,,,,,
2137,23/01/25,0:00:00,quinta,,8,30,"165,30","171,80","6,50","162,50",,,,,,,,,,,,,,,,,,,
2138,24/01/25,0:00:00,sexta,,8,31,"171,80","171,80","0,00","162,50",,,,,,,,,,,,,,,,,,,
2139,25/01/25,0:00:00,sábado,,8,32,"171,80","172,30","0,50","163,00",,,,,,,,,,,,,,,,,,,
2140,26/01/25,0:00:00,domingo,,8,33,"172,30","180,80","8,50","171,50",,,,,,,,,,,,,,,,,,,
2141,27/01/25,0:00:00,segunda,,8,34,"180,80","180,80","0,00","171,50",,,,,,,,,,,,,,,,,,,
2142,28/01/25,0:00:00,terça,,8,35,"180,80","180,80","0,00","171,50",,,,,,,,,,,,,,,,,,,
2143,29/01/25,0:00:00,quarta,,8,36,"180,80","180,80","0,00","171,50",,,,,,,,,,,,,,,,,,,
2144,30/01/25,0:00:00,quinta,,8,37,"180,80","190,40","9,60","181,10",,,,,,,,,,,,,,,,,,,
2145,31/01/25,0:00:00,sexta,,8,1,"190,40","199,70","9,30","190,40",,,,,,,,,,,,,,,,,,,
2146,31/01/25,0:00:00,sexta,"Abastecimento Ka - R$ 6,14Lt - Abastecido 32,581Lt - Total R$ 200,00",9,2,"199,70","201,90","2,20","2,20",,,,,,,,,,,,,,,,,,,
2147,01/02/25,0:00:00,sábado,,9,3,"201,90","209,60","7,70","9,90",,,,,,,,,,,,,,,,,,,
2148,02/02/25,0:00:00,domingo,,9,4,"209,60","209,60","0,00","9,90",,,,,,,,,,,,,,,,,,,
2149,03/02/25,0:00:00,segunda,,9,5,"209,60","225,70","16,10","26,00",,,,,,,,,,,,,,,,,,,
2150,04/02/25,0:00:00,terça,,9,6,"225,70","225,70","0,00","26,00",,,,,,,,,,,,,,,,,,,
2151,05/02/25,0:00:00,sábado,Inicio das aulas de Nícolas,9,7,"225,70","237,00","11,30","37,30",,,,,,,,,,,,,,,,,,,
2152,06/02/25,0:00:00,quinta,Nícolas faltou aula,9,8,"237,00","242,40","5,40","42,70",,,,,,,,,,,,,,,,,,,
2153,07/02/25,0:00:00,sexta,Nícolas faltou aula,9,9,"242,40","250,10","7,70","50,40",,,,,,,,,,,,,,,,,,,
2154,08/02/25,0:00:00,sábado,,9,10,"250,10","252,90","2,80","53,20",,,,,,,,,,,,,,,,,,,
2155,09/02/25,0:00:00,domingo,,9,11,"252,90","256,80","3,90","57,10",,,,,,,,,,,,,,,,,,,
2156,10/02/25,0:00:00,segunda,,9,12,"256,80","269,80","13,00","70,10",,,,,,,,,,,,,,,,,,,
2157,11/02/25,0:00:00,terça,,9,13,"269,80","285,00","15,20","85,30",,,,,,,,,,,,,,,,,,,
2158,12/02/25,0:00:00,quarta,,9,14,"285,00","293,80","8,80","94,10",,,,,,,,,,,,,,,,,,,
2159,13/02/25,0:00:00,quinta,,9,15,"293,80","314,20","20,40","114,50",,,,,,,,,,,,,,,,,,,
2160,14/02/25,0:00:00,sexta,,9,16,"314,20","326,60","12,40","126,90",,,,,,,,,,,,,,,,,,,
2161,15/02/25,0:00:00,sábado,,9,17,"326,60","328,40","1,80","128,70",,,,,,,,,,,,,,,,,,,
2162,16/02/25,0:00:00,domingo,,9,18,"328,40","328,40","0,00","128,70",,,,,,,,,,,,,,,,,,,
2163,17/02/25,0:00:00,segunda,,9,19,"328,40","339,10","10,70","139,40",,,,,,,,,,,,,,,,,,,
2164,18/02/25,0:00:00,terça,[ Acabou o gás de cozinha ],9,20,"339,10","349,80","10,70","150,10",,,,,,,,,,,,,,,,,,,
2165,19/02/25,0:00:00,quarta,,9,21,"349,80","357,30","7,50","157,60",,,,,,,,,,,,,,,,,,,
2166,20/02/25,0:00:00,quinta,,9,22,"357,30","377,30","20,00","177,60",,,,,,,,,,,,,,,,,,,
2167,21/02/25,0:00:00,sexta,,9,23,"377,30","391,00","13,70","191,30",,,,,,,,,,,,,,,,,,,
2168,22/02/25,0:00:00,sábado,,9,24,"391,00","398,00","7,00","198,30",,,,,,,,,,,,,,,,,,,
2169,23/02/25,0:00:00,domingo,,9,25,"398,00","398,00","0,00","198,30",,,,,,,,,,,,,,,,,,,
2170,24/02/25,0:00:00,segunda,,9,26,"398,00","409,60","11,60","209,90",,,,,,,,,,,,,,,,,,,
2171,25/02/25,0:00:00,terça,,9,27,"409,60","422,80","13,20","223,10",,,,,,,,,,,,,,,,,,,
2172,26/02/25,0:00:00,quarta,Não teve aula para Nícolas,9,28,"422,80","428,70","5,90","229,00",,,,,,,,,,,,,,,,,,,
2173,27/02/25,0:00:00,quinta,,9,29,"428,70","442,10","13,40","242,40",,,,,,,,,,,,,,,,,,,
2174,28/02/25,0:00:00,sexta,,9,30,"442,10","460,20","18,10","260,50",,,,,,,,,,,,,,,,,,,
2175,01/03/25,0:00:00,sábado,,9,31,"460,20","475,70","15,50","276,00",,,,,,,,,,,,,,,,,,,
2176,02/03/25,0:00:00,domingo,,9,32,"475,70","482,80","7,10","283,10",,,,,,,,,,,,,,,,,,,
2177,03/03/25,0:00:00,segunda,,9,33,"482,80","482,80","0,00","283,10",,,,,,,,,,,,,,,,,,,
2178,04/03/25,0:00:00,terça,,9,34,"482,80","486,10","3,30","286,40",,,,,,,,,,,,,,,,,,,
2179,05/03/25,0:00:00,quarta,,9,35,"486,10","486,50","0,40","286,80",,,,,,,,,,,,,,,,,,,
2180,06/03/25,0:00:00,quinta,,9,36,"486,50","491,70","5,20","292,00",,,,,,,,,,,,,,,,,,,
2181,07/03/25,0:00:00,sexta,,9,37,"491,70","491,70","0,00","292,00",,,,,,,,,,,,,,,,,,,
2182,08/03/25,0:00:00,sábado,,9,38,"491,70","498,20","6,50","298,50",,,,,,,,,,,,,,,,,,,
2183,09/03/25,0:00:00,domingo,,9,39,"498,20","500,80","2,60","301,10",,,,,,,,,,,,,,,,,,,
2184,10/03/25,0:00:00,segunda,,10,40,"500,80","506,70","5,90","307,00",,,,,,,,,,,,,,,,,,,
2185,10/03/25,0:00:00,segunda,"Abastecimento Ka - R$ 6,27Lt - Abastecido 7,98Lt - Total R$ 50,00",10,1,"506,70","517,20","10,50","10,50",,,,,,,,,,,,,,,,,,,
2186,11/03/25,0:00:00,terça,,10,2,"517,20","529,80","12,60","23,10",,,,,,,,,,,,,,,,,,,
2187,12/03/25,0:00:00,quarta,,10,3,"529,80","553,80","24,00","47,10",,,,,,,,,,,,,,,,,,,
2188,13/03/25,0:00:00,quinta,,10,4,"553,80","568,90","15,10","62,20",,,,,,,,,,,,,,,,,,,
2189,14/03/25,0:00:00,sexta,,11,1,"568,90","580,50","11,60","73,80",,,,,,,,,,,,,,,,,,,
2190,14/03/25,0:00:00,sexta,"Abastecimento Ka - R$ 6,24Lt - Abastecido 31,52Lt - Total R$ 196,68",11,2,"580,50","585,50","5,00","5,00",,,,,,,,,,,,,,,,,,,
2191,15/03/25,0:00:00,sábado,,11,3,"585,50","590,10","4,60","9,60",,,,,,,,,,,,,,,,,,,
2192,16/03/25,0:00:00,domingo,,11,4,"590,10","590,10","0,00","9,60",,,,,,,,,,,,,,,,,,,
2193,17/03/25,0:00:00,segunda,,11,5,"590,10","598,40","8,30","17,90",,,,,,,,,,,,,,,,,,,
2194,18/03/25,0:00:00,terça,,11,6,"598,40","615,20","16,80","34,70",,,,,,,,,,,,,,,,,,,
2195,19/03/25,0:00:00,quarta,,11,7,"615,20","627,20","12,00","46,70",,,,,,,,,,,,,,,,,,,
2196,20/03/25,0:00:00,quinta,,11,8,"627,20","640,60","13,40","60,10",,,,,,,,,,,,,,,,,,,
2197,21/03/25,0:00:00,sexta,,11,9,"640,60","645,80","5,20","65,30",,,,,,,,,,,,,,,,,,,
2198,22/03/25,0:00:00,sábado,,11,10,"645,80","655,80","10,00","75,30",,,,,,,,,,,,,,,,,,,
2199,23/03/25,0:00:00,domingo,,11,11,"655,80","655,80","0,00","75,30",,,,,,,,,,,,,,,,,,,
2200,24/03/25,0:00:00,segunda,,11,12,"655,80","669,30","13,50","88,80",,,,,,,,,,,,,,,,,,,
2201,25/03/25,0:00:00,terça,,11,13,"669,30","685,00","15,70","104,50",,,,,,,,,,,,,,,,,,,
2202,26/03/25,0:00:00,quarta,,11,14,"685,00","706,90","21,90","126,40",,,,,,,,,,,,,,,,,,,
2203,27/03/25,0:00:00,quinta,,11,15,"706,90","721,90","15,00","141,40",,,,,,,,,,,,,,,,,,,
2204,28/03/25,0:00:00,sexta,,11,16,"721,90","743,40","21,50","162,90",,,,,,,,,,,,,,,,,,,
2205,29/03/25,0:00:00,sábado,,11,17,"743,40","747,60","4,20","167,10",,,,,,,,,,,,,,,,,,,
2206,30/03/25,0:00:00,domingo,,11,18,"747,60","753,40","5,80","172,90",,,,,,,,,,,,,,,,,,,
2207,31/03/25,0:00:00,segunda,,11,19,"753,40","764,80","11,40","184,30",,,,,,,,,,,,,,,,,,,
2208,01/04/25,0:00:00,terça,,11,20,"764,80","770,00","5,20","189,50",,,,,,,,,,,,,,,,,,,
2209,02/04/25,0:00:00,quarta,,11,21,"770,00","785,20","15,20","204,70",,,,,,,,,,,,,,,,,,,
2210,03/04/25,0:00:00,quinta,,11,22,"785,20","794,30","9,10","213,80",,,,,,,,,,,,,,,,,,,
2211,04/04/25,0:00:00,sexta,,11,23,"794,30","797,10","2,80","216,60",,,,,,,,,,,,,,,,,,,
2212,04/04/25,0:00:00,sexta,"Abastecimento Ka - R$ 6,08Lt - Abastecido 28,64Lt - Total R$ 174,13",12,1,"797,10","811,70","14,60","14,60",,,,,,,,,,,,,,,,,,,
2213,05/04/25,0:00:00,sábado,[ Acabou o gás de cozinha ],12,2,"811,70","811,70","0,00","14,60",,,,,,,,,,,,,,,,,,,
2214,06/04/25,0:00:00,domingo,,12,3,"811,70","811,70","0,00","14,60",,,,,,,,,,,,,,,,,,,
2215,07/04/25,0:00:00,segunda,Nícolas faltou aula,12,4,"811,70","821,60","9,90","24,50",,,,,,,,,,,,,,,,,,,
2216,08/04/25,0:00:00,terça,Nícolas faltou aula,12,5,"821,60","822,70","1,10","25,60",,,,,,,,,,,,,,,,,,,
2217,09/04/25,0:00:00,quarta,,12,6,"822,70","834,50","11,80","37,40",,,,,,,,,,,,,,,,,,,
2218,10/04/25,0:00:00,quinta,,12,7,"834,50","847,30","12,80","50,20",,,,,,,,,,,,,,,,,,,
2219,11/04/25,0:00:00,sexta,,12,8,"847,30","860,90","13,60","63,80",,,,,,,,,,,,,,,,,,,
2220,12/04/25,0:00:00,sábado,"Levei Aracy e Nícolas para Celebração Morte Cristo TJ, Almoçamos na casa Marly",12,9,"860,90","883,20","22,30","86,10",,,,,,,,,,,,,,,,,,,
2221,13/04/25,0:00:00,domingo,,12,10,"883,20","883,20","0,00","86,10",,,,,,,,,,,,,,,,,,,
2222,14/04/25,0:00:00,segunda,,12,11,"883,20","894,00","10,80","96,90",,,,,,,,,,,,,,,,,,,
2223,15/04/25,0:00:00,terça,"Ida e vinda na Casa da Marly 2x [ Aracy aprende Bacalhau ] , Aracy trabalhou 2 expedientes",12,12,"894,00","918,40","24,40","121,30",,,,,,,,,,,,,,,,,,,
2224,16/04/25,0:00:00,quarta,,12,13,"918,40","927,60","9,20","130,50",,,,,,,,,,,,,,,,,,,
2225,17/04/25,0:00:00,quinta,,12,14,"927,60","935,70","8,10","138,60",,,,,,,,,,,,,,,,,,,//
2226,18/04/25,0:00:00,sexta,,12,15,"935,70","945,50","9,80","148,40",,,,,,,,,,,,,,,,,,,
2227,19/04/25,0:00:00,sábado,,12,16,"945,50","949,80","4,30","152,70",,,,,,,,,,,,,,,,,,,
2228,20/04/25,0:00:00,domingo,,12,17,"949,80","957,30","7,50","160,20",,,,,,,,,,,,,,,,,,,
2229,21/04/25,0:00:00,segunda,,12,18,"957,30","961,50","4,20","164,40",,,,,,,,,,,,,,,,,,,
2230,22/04/25,0:00:00,terça,,12,19,"961,50","977,90","16,40","180,80",,,,,,,,,,,,,,,,,,,
2231,23/04/25,0:00:00,quarta,,12,20,"977,90","990,20","12,30","193,10",,,,,,,,,,,,,,,,,,,
2232,24/04/25,0:00:00,quinta,,12,21,"990,20","1.002,60","12,40","205,50",,,,,,,,,,,,,,,,,,,
2233,25/04/25,0:00:00,sexta,,12,22,"2,60","10,80","8,20","213,70",,,,,,,,,,,,,,,,,,,
2234,26/04/25,0:00:00,sábado,,12,23,"10,80","10,80","0,00","213,70",,,,,,,,,,,,,,,,,,,
2235,27/04/25,0:00:00,domingo,,12,24,"10,80","10,80","0,00","213,70",,,,,,,,,,,,,,,,,,,
2236,28/04/25,0:00:00,segunda,,12,25,"10,80","20,00","9,20","222,90",,,,,,,,,,,,,,,,,,,
2237,29/04/25,0:00:00,terça,,12,26,"20,00","33,50","13,50","236,40",,,,,,,,,,,,,,,,,,,
2238,30/04/25,0:00:00,quarta,,12,27,"33,50","46,70","13,20","249,60",,,,,,,,,,,,,,,,,,,
2239,01/05/25,0:00:00,quinta,,12,28,"46,70","47,80","1,10","250,70",,,,,,,,,,,,,,,,,,,
2240,02/05/25,0:00:00,sexta,,12,29,"47,80","63,60","15,80","266,50",,,,,,,,,,,,,,,,,,,
2241,03/05/25,0:00:00,sábado,,12,30,"63,60","71,50","7,90","274,40",,,,,,,,,,,,,,,,,,,
2242,04/05/25,0:00:00,domingo,,12,31,"71,50","71,50","0,00","274,40",,,,,,,,,,,,,,,,,,,
2243,05/05/25,0:00:00,segunda,,12,32,"71,50","84,10","12,60","287,00",,,,,,,,,,,,,,,,,,,
2244,06/05/25,0:00:00,terça,,12,33,"84,10","95,80","11,70","298,70",,,,,,,,,,,,,,,,,,,
2245,07/05/25,0:00:00,quarta,,12,34,"95,80","98,50","2,70","301,40",,,,,,,,,,,,,,,,,,,
2246,07/05/25,0:00:00,quarta,"Abastecimento Ka - R$ 5,98Lt - Abastecido 8,36Lt - Total R$ 50,00",13,1,"98,50","119,60","21,10","21,10",,,,,,,,,,,,,,,,,,,
2247,08/05/25,0:00:00,quinta,,13,2,"119,60","132,90","13,30","34,40",,,,,,,,,,,,,,,,,,,
2248,09/05/25,0:00:00,sexta,,13,3,"132,90","138,90","6,00","40,40",,,,,,,,,,,,,,,,,,,
2249,10/05/25,0:00:00,sábado,,13,4,"138,90","145,60","6,70","47,10",,,,,,,,,,,,,,,,,,,
2250,11/05/25,0:00:00,domingo,,13,5,"145,60","145,60","0,00","47,10",,,,,,,,,,,,,,,,,,,
2251,12/05/25,0:00:00,segunda,,13,6,"145,60","154,00","8,40","55,50",,,,,,,,,,,,,,,,,,,
2252,13/05/25,0:00:00,terça,,13,7,"154,00","162,30","8,30","63,80",,,,,,,,,,,,,,,,,,,
2253,14/05/25,0:00:00,quarta,,13,8,"162,30","176,90","14,60","78,40",,,,,,,,,,,,,,,,,,,
2254,15/05/25,0:00:00,quinta,,13,9,"176,90","179,70","2,80","81,20",,,,,,,,,,,,,,,,,,,
2255,15/05/25,0:00:00,quinta,"Abastecimento Ka - R$ 5,98Lt - Abastecido 33,465Lt - Total R$ 200,12",14,1,"179,70","191,50","11,80","11,80",,,,,,,,,,,,,,,,,,,
2256,16/05/25,0:00:00,sexta,Nícolas faltou escola,14,2,"191,50","199,40","7,90","19,70",,,,,,,,,,,,,,,,,,,
2257,17/05/25,0:00:00,sábado,,14,3,"199,40","216,90","17,50","37,20",,,,,,,,,,,,,,,,,,,
2258,18/05/25,0:00:00,domingo,,14,4,"216,90","219,70","2,80","40,00",,,,,,,,,,,,,,,,,,,
2259,19/05/25,0:00:00,segunda,Nícolas faltou escola,14,5,"219,70","221,90","2,20","42,20",,,,,,,,,,,,,,,,,,,
2260,20/05/25,0:00:00,terça,Nícolas faltou escola,14,6,"221,90","224,20","2,30","44,50",,,,,,,,,,,,,,,,,,,
2261,21/05/25,0:00:00,quarta,Nícolas faltou escola,14,7,"224,20","230,00","5,80","50,30",,,,,,,,,,,,,,,,,,,
2262,22/05/25,0:00:00,quinta,Nícolas faltou escola,14,8,"230,00","232,60","2,60","52,90",,,,,,,,,,,,,,,,,,,
2263,23/05/25,0:00:00,sexta,Nícolas faltou escola,14,9,"232,60","242,40","9,80","62,70",,,,,,,,,,,,,,,,,,,
2264,24/05/25,0:00:00,sábado,,14,10,"242,40","242,40","0,00","62,70",,,,,,,,,,,,,,,,,,,
2265,25/05/25,0:00:00,domingo,,14,11,"242,40","246,00","3,60","66,30",,,,,,,,,,,,,,,,,,,
2266,26/05/25,0:00:00,segunda,,14,12,"246,00","259,90","13,90","80,20",,,,,,,,,,,,,,,,,,,
2267,27/05/25,0:00:00,terça,Nícolas faltou escola,14,13,"259,90","271,50","11,60","91,80",,,,,,,,,,,,,,,,,,,
2268,28/05/25,0:00:00,quarta,,14,14,"271,50","275,50","4,00","95,80",,,,,,,,,,,,,,,,,,,
2269,29/05/25,0:00:00,quinta,[ Acabou o gás de cozinha ],14,15,"275,50","289,60","14,10","109,90",,,,,,,,,,,,,,,,,,,
2270,30/05/25,0:00:00,sexta,,14,16,"289,60","300,90","11,30","121,20",,,,,,,,,,,,,,,,,,,
2271,31/05/25,0:00:00,sábado,,14,17,"300,90","309,00","8,10","129,30",,,,,,,,,,,,,,,,,,,
2272,01/06/25,0:00:00,domingo,,14,18,"309,00","316,30","7,30","136,60",,,,,,,,,,,,,,,,,,,
2273,02/06/25,0:00:00,segunda,,14,19,"316,30","328,20","11,90","148,50",,,,,,,,,,,,,,,,,,,
2274,03/06/25,0:00:00,terça,,14,20,"328,20","351,60","23,40","171,90",,,,,,,,,,,,,,,,,,,
2275,04/06/25,0:00:00,quarta,,14,21,"351,60","365,80","14,20","186,10",,,,,,,,,,,,,,,,,,,
2276,05/06/25,0:00:00,quinta,,14,22,"365,80","376,60","10,80","196,90",,,,,,,,,,,,,,,,,,,
2277,06/06/25,0:00:00,sexta,Nícolas faltou escola,14,23,"376,60","381,10","4,50","201,40",,,,,,,,,,,,,,,,,,,
2278,07/06/25,0:00:00,sábado,,14,24,"381,10","389,40","8,30","209,70",,,,,,,,,,,,,,,,,,,
2279,08/06/25,0:00:00,domingo,,14,25,"389,40","389,40","0,00","209,70",,,,,,,,,,,,,,,,,,,
2280,09/06/25,0:00:00,segunda,,14,26,"389,40","402,00","12,60","222,30",,,,,,,,,,,,,,,,,,,
2281,10/06/25,0:00:00,terça,,14,27,"402,00","415,60","13,60","235,90",,,,,,,,,,,,,,,,,,,
2282,11/06/25,0:00:00,quarta,Nícolas faltou escola,14,28,"415,60","422,40","6,80","242,70",,,,,,,,,,,,,,,,,,,
2283,12/06/25,0:00:00,quinta,,14,29,"422,40","438,50","16,10","258,80",,,,,,,,,,,,,,,,,,,
2284,13/06/25,0:00:00,sexta,,14,30,"438,50","456,90","18,40","277,20",,,,,,,,,,,,,,,,,,,
2285,14/06/25,0:00:00,sábado,,14,31,"456,90","468,50","11,60","288,80",,,,,,,,,,,,,,,,,,,
2286,14/06/25,0:00:00,sábado,"Abastecimento Ka - R$ 5,98Lt - Abastecido 34,13Lt - Total R$ 204,10",15,1,"468,50","471,20","2,70","2,70",,,,,,,,,,,,,,,,,,,
2287,15/06/25,0:00:00,domingo,,15,2,"471,20","471,20","0,00","2,70",,,,,,,,,,,,,,,,,,,
2288,16/06/25,0:00:00,segunda,,15,3,"471,20","478,60","7,40","10,10",,,,,,,,,,,,,,,,,,,
2289,17/06/25,0:00:00,terça,,15,4,"478,60","492,50","13,90","24,00",,,,,,,,,,,,,,,,,,,
2290,18/06/25,0:00:00,quarta,,15,5,"492,50","515,90","23,40","47,40",,,,,,,,,,,,,,,,,,,
2291,19/06/25,0:00:00,quinta,,15,6,"515,90","515,90","0,00","47,40",,,,,,,,,,,,,,,,,,,
2292,20/06/25,0:00:00,sexta,,15,7,"515,90","536,10","20,20","67,60",,,,,,,,,,,,,,,,,,,
2293,21/06/25,0:00:00,sábado,,15,8,"536,10","552,90","16,80","84,40",,,,,,,,,,,,,,,,,,,
2294,22/06/25,0:00:00,domingo,,15,9,"552,90","552,90","0,00","84,40",,,,,,,,,,,,,,,,,,,
2295,23/06/25,0:00:00,segunda,,15,10,"552,90","571,10","18,20","102,60",,,,,,,,,,,,,,,,,,,
2296,24/06/25,0:00:00,terça,,15,11,"571,10","571,10","0,00","102,60",,,,,,,,,,,,,,,,,,,
2297,25/06/25,0:00:00,quarta,,15,12,"571,10","594,30","23,20","125,80",,,,,,,,,,,,,,,,,,,
2298,26/06/25,0:00:00,quinta,,15,13,"594,30","612,10","17,80","143,60",,,,,,,,,,,,,,,,,,,